{"level":[{"unlocked":true,"high1":18.74758529663086,"high2":18.74758529663086,"high3":100.0},{"unlocked":true,"high1":100.0,"high2":100.0,"high3":100.0},{"unlocked":false,"high1":100.0,"high2":100.0,"high3":100.0},{"unlocked":false,"high1":100.0,"high2":100.0,"high3":100.0}]}